<?xml version="1.0" encoding="UTF-8"?>
<project-private xmlns="http://www.netbeans.org/ns/project-private/1">
    <editor-bookmarks xmlns="http://www.netbeans.org/ns/editor-bookmarks/2" lastBookmarkId="0"/>
    <open-files xmlns="http://www.netbeans.org/ns/projectui-open-files/2">
        <group>
            <file>file:/C:/Users/Pruthviraj%20Deshmukh/Desktop/Software/computer%20shopeee/src/compshop/login_s.java</file>
            <file>file:/C:/Users/Pruthviraj%20Deshmukh/Desktop/Software/computer%20shopeee/src/compshop/Customer_details.java</file>
            <file>file:/C:/Users/Pruthviraj%20Deshmukh/Desktop/Software/computer%20shopeee/src/compshop/Accessories.java</file>
            <file>file:/C:/Users/Pruthviraj%20Deshmukh/Desktop/Software/computer%20shopeee/src/compshop/custdispaly.java</file>
            <file>file:/C:/Users/Pruthviraj%20Deshmukh/Desktop/Software/computer%20shopeee/src/compshop/Accdisplay.java</file>
            <file>file:/C:/Users/Pruthviraj%20Deshmukh/Desktop/Software/computer%20shopeee/src/compshop/Bill.java</file>
            <file>file:/C:/Users/Pruthviraj%20Deshmukh/Desktop/Software/computer%20shopeee/src/compshop/login.java</file>
            <file>file:/C:/Users/Pruthviraj%20Deshmukh/Desktop/Software/computer%20shopeee/src/compshop/Billdisplay.java</file>
        </group>
    </open-files>
</project-private>
